{"cameraMode":{"drawMode":0,"name":"Shaded","section":"Shading Mode"},"sceneLighting":false,"audioPlay":false,"sceneViewState":{"showFog":true,"showMaterialUpdate":false,"showSkybox":false,"showFlares":true,"showImageEffects":true,"showParticleSystems":true,"showVisualEffectGraphs":true},"in2DMode":false,"pivot":{"x":-3.7250778675079347,"y":-1.897446632385254,"z":3.2025814056396486},"rotation":{"x":0.12113723903894425,"y":-0.32137638330459597,"z":0.041492313146591189,"w":0.9382563829421997},"size":13.784005165100098,"orthographic":false}