{"cameraMode":{"drawMode":0,"name":"Shaded","section":"Shading Mode"},"sceneLighting":false,"audioPlay":false,"sceneViewState":{"showFog":true,"showMaterialUpdate":false,"showSkybox":false,"showFlares":true,"showImageEffects":true,"showParticleSystems":true,"showVisualEffectGraphs":true},"in2DMode":false,"pivot":{"x":0.22151309251785279,"y":1.5833508968353272,"z":-0.047263383865356448},"rotation":{"x":-0.018439944833517076,"y":-0.9740439653396606,"z":0.20852437615394593,"w":-0.08613816648721695},"size":0.8660253882408142,"orthographic":false}