{"cameraMode":{"drawMode":0,"name":"Shaded","section":"Shading Mode"},"sceneLighting":false,"audioPlay":false,"sceneViewState":{"showFog":true,"showMaterialUpdate":false,"showSkybox":false,"showFlares":true,"showImageEffects":true,"showParticleSystems":true,"showVisualEffectGraphs":true},"in2DMode":false,"pivot":{"x":14.00277328491211,"y":2.99863338470459,"z":14.258817672729493},"rotation":{"x":-0.016759460791945459,"y":-0.6880134344100952,"z":-0.01589743047952652,"w":0.7253318428993225},"size":4.755428791046143,"orthographic":true}