{"cameraMode":{"drawMode":0,"name":"Shaded","section":"Shading Mode"},"sceneLighting":false,"audioPlay":false,"sceneViewState":{"showFog":true,"showMaterialUpdate":false,"showSkybox":false,"showFlares":true,"showImageEffects":true,"showParticleSystems":true,"showVisualEffectGraphs":true},"in2DMode":false,"pivot":{"x":237.21145629882813,"y":1.5082405805587769,"z":-15.50821590423584},"rotation":{"x":0.12265799939632416,"y":-0.02292497828602791,"z":0.0028347880579531194,"w":0.9921853542327881},"size":4.641011714935303,"orthographic":true}