{"cameraMode":{"drawMode":0,"name":"Shaded","section":"Shading Mode"},"sceneLighting":false,"audioPlay":false,"sceneViewState":{"showFog":true,"showMaterialUpdate":false,"showSkybox":false,"showFlares":true,"showImageEffects":true,"showParticleSystems":true,"showVisualEffectGraphs":true},"in2DMode":false,"pivot":{"x":29.019994735717775,"y":4.332940101623535,"z":51.414424896240237},"rotation":{"x":0.03433128446340561,"y":-0.8796212077140808,"z":0.06423547118902207,"w":0.47007954120635989},"size":2.4694790840148927,"orthographic":false}