{"cameraMode":{"drawMode":0,"name":"Shaded","section":"Shading Mode"},"sceneLighting":false,"audioPlay":false,"sceneViewState":{"showFog":true,"showMaterialUpdate":false,"showSkybox":false,"showFlares":true,"showImageEffects":true,"showParticleSystems":true,"showVisualEffectGraphs":true},"in2DMode":false,"pivot":{"x":33.611968994140628,"y":3.0030694007873537,"z":35.06587219238281},"rotation":{"x":0.6372211575508118,"y":-0.2598084807395935,"z":0.24203918874263764,"w":0.684010922908783},"size":3.314786911010742,"orthographic":true}