{"cameraMode":{"drawMode":0,"name":"Shaded","section":"Shading Mode"},"sceneLighting":false,"audioPlay":false,"sceneViewState":{"showFog":true,"showMaterialUpdate":false,"showSkybox":false,"showFlares":true,"showImageEffects":true,"showParticleSystems":true,"showVisualEffectGraphs":true},"in2DMode":false,"pivot":{"x":236.7605743408203,"y":1.2850816249847413,"z":-13.684423446655274},"rotation":{"x":0.05215471610426903,"y":-0.027558935806155206,"z":0.0014398903585970402,"w":0.9982595443725586},"size":4.921332836151123,"orthographic":true}