{"cameraMode":{"drawMode":0,"name":"Shaded","section":"Shading Mode"},"sceneLighting":false,"audioPlay":false,"sceneViewState":{"showFog":true,"showMaterialUpdate":false,"showSkybox":false,"showFlares":true,"showImageEffects":true,"showParticleSystems":true,"showVisualEffectGraphs":true},"in2DMode":false,"pivot":{"x":202.6209259033203,"y":41.431434631347659,"z":-3.7031242847442629},"rotation":{"x":0.039354849606752399,"y":-0.5135971903800964,"z":0.02358819916844368,"w":0.8568087220191956},"size":17.747814178466798,"orthographic":true}