{"cameraMode":{"drawMode":0,"name":"Shaded","section":"Shading Mode"},"sceneLighting":false,"audioPlay":false,"sceneViewState":{"showFog":true,"showMaterialUpdate":false,"showSkybox":false,"showFlares":true,"showImageEffects":true,"showParticleSystems":true,"showVisualEffectGraphs":true},"in2DMode":false,"pivot":{"x":0.049346923828125,"y":2.9398138523101808,"z":0.30721616744995119},"rotation":{"x":0.07648433744907379,"y":-0.9233720898628235,"z":0.27443793416023257,"w":0.2573373317718506},"size":3.7829811573028566,"orthographic":false}