{"cameraMode":{"drawMode":0,"name":"Shaded","section":"Shading Mode"},"sceneLighting":false,"audioPlay":false,"sceneViewState":{"showFog":true,"showMaterialUpdate":false,"showSkybox":false,"showFlares":true,"showImageEffects":true,"showParticleSystems":true,"showVisualEffectGraphs":true},"in2DMode":false,"pivot":{"x":43.200347900390628,"y":5.132046222686768,"z":30.26972770690918},"rotation":{"x":0.14803767204284669,"y":-0.34092333912849429,"z":0.05445770546793938,"w":0.9267641305923462},"size":8.830711364746094,"orthographic":true}