{"cameraMode":{"drawMode":0,"name":"Shaded","section":"Shading Mode"},"sceneLighting":false,"audioPlay":false,"sceneViewState":{"showFog":true,"showMaterialUpdate":false,"showSkybox":false,"showFlares":true,"showImageEffects":true,"showParticleSystems":true,"showVisualEffectGraphs":true},"in2DMode":false,"pivot":{"x":235.34225463867188,"y":1.0633234977722169,"z":-13.471869468688965},"rotation":{"x":0.29062485694885256,"y":-0.33591097593307497,"z":0.1097903922200203,"w":0.889185905456543},"size":3.6429412364959719,"orthographic":true}