{"cameraMode":{"drawMode":0,"name":"Shaded","section":"Shading Mode"},"sceneLighting":false,"audioPlay":false,"sceneViewState":{"showFog":true,"showMaterialUpdate":false,"showSkybox":false,"showFlares":true,"showImageEffects":true,"showParticleSystems":true,"showVisualEffectGraphs":true},"in2DMode":false,"pivot":{"x":203.93588256835938,"y":0.6715763807296753,"z":14.863325119018555},"rotation":{"x":0.09153210371732712,"y":-0.45137742161750796,"z":0.04661037027835846,"w":0.8864017724990845},"size":4.9756693840026859,"orthographic":true}