{"cameraMode":{"drawMode":0,"name":"Shaded","section":"Shading Mode"},"sceneLighting":false,"audioPlay":false,"sceneViewState":{"showFog":true,"showMaterialUpdate":false,"showSkybox":false,"showFlares":true,"showImageEffects":true,"showParticleSystems":true,"showVisualEffectGraphs":true},"in2DMode":false,"pivot":{"x":50.89234924316406,"y":0.3532445430755615,"z":24.218935012817384},"rotation":{"x":0.19998079538345338,"y":-0.7700649499893189,"z":0.28932633996009829,"w":0.5322704911231995},"size":1.916340708732605,"orthographic":true}