{"cameraMode":{"drawMode":0,"name":"Shaded","section":"Shading Mode"},"sceneLighting":false,"audioPlay":false,"sceneViewState":{"showFog":true,"showMaterialUpdate":false,"showSkybox":false,"showFlares":true,"showImageEffects":true,"showParticleSystems":true,"showVisualEffectGraphs":true},"in2DMode":false,"pivot":{"x":54.3731803894043,"y":1.9069488048553467,"z":26.121654510498048},"rotation":{"x":0.10791429132223129,"y":-0.587428867816925,"z":0.07942819595336914,"w":0.7981055378913879},"size":2.112436294555664,"orthographic":true}